Workbook

Sheet Read Me
A1: Little Acres - Balance Sheet v1 (Track A)
A2: Purpose: single source of truth for economy numbers. On approval, values export into src/data/ (crops.ts, levels.ts, orders.ts).
A3: Source of current values: src/data as of 2026-07-10 (post T2.9 series). Proposed values by PM per the 2026-07-10 design-review triage.
A5: LEGEND
A6: Blue text = proposed values / inputs you can edit. Black = current shipped values or formulas. Yellow fill = key assumptions.
A7: Every derived column is a live formula - change a blue cell and the audit recomputes.
A9: DESIGN PRINCIPLE (fixes the reviewer's finding)
A10: Every crop must win one axis. Sunwheat = active coins/min king. Starcorn = xp/min king (xp 5 -> 9).
A11: Glowberry = payload + order value. Moonroot/Emberpepper = bigger payloads for half-session / leave-and-return play.
A12: Long crops plateau near 5 coins/min so active play stays best paid, but never dominated on xp too.
A14: LEVEL CAP: proposed 6, not the reviewer's ~8
A15: With 2 new crops, levels 7-8 would unlock nothing - dead anticipation violates the GDD's visible-unlock rule.
... A20: Raising L4/L5 thresholds needs NO migration: levels are stored and only ever increase (T1.7 rule).

Sheet Crops
A1: Crop economy - current + proposed
A3: Crop | B3: Unlock Lv | C3: Grow (s) | D3: Grow (min) | E3: Seed cost | F3: Sell value | G3: XP/harvest | H3: Profit/cycle | I3: Coins/min/plot | J3: XP/min/plot | K3: Cycles/hr | L3: Niche
A4: Sunwheat | B4: 1 | C4: 30 | D4: =C4/60 -> 0.5 | E4: 5 | F4: 8 | G4: 2 | H4: =F4-E4 -> 3 | I4: =H4/D4 -> 6 | J4: =G4/D4 -> 4 | K4: =3600/C4 -> 120 | L4: Active coins/min king (unchanged)
A5: Starcorn | B5: 2 | C5: 120 | D5: =C5/60 -> 2 | E5: 12 | F5: 20 | G5: 9 | H5: =F5-E5 -> 8 | I5: =H5/D5 -> 4 | J5: =G5/D5 -> 4.5 | K5: =3600/C5 -> 30 | L5: XP king: 4.5 xp/min beats Sunwheat's 4.0 (xp 5 -> 9)
A6: Glowberry | B6: 3 | C6: 300 | D6: =C6/60 -> 5 | E6: 30 | F6: 55 | G6: 15 | H6: =F6-E6 -> 25 | I6: =H6/D6 -> 5 | J6: =G6/D6 -> 3 | K6: =3600/C6 -> 12 | L6: Payload + order value; xp 12 -> 15 keeps it respectable
A7: Moonroot | B7: 4 | C7: 480 | D7: =C7/60 -> 8 | E7: 60 | F7: 100 | G7: 28 | H7: =F7-E7 -> 40 | I7: =H7/D7 -> 5 | J7: =G7/D7 -> 3.5 | K7: =3600/C7 -> 7.5 | L7: NEW L4: half-session crop, 8 min
A8: Emberpepper | B8: 5 | C8: 1200 | D8: =C8/60 -> 20 | E8: 110 | F8: 210 | G8: 70 | H8: =F8-E8 -> 100 | I8: =H8/D8 -> 5 | J8: =G8/D8 -> 3.5 | K8: =3600/C8 -> 3 | L8: NEW L5: leave-and-return, 20 min, biggest payload
A10: Blue = proposed (Starcorn/Glowberry xp changes; Moonroot + Emberpepper are new). Black rows 4 A-F = shipped values from crops.ts.
A11: Audit check: no crop should top BOTH the Coins/min and XP/min columns. Current shipped values fail this (Sunwheat wins both).

Sheet Levels
A1: Level curve - current (1-5) and proposed (cap 6)
A3: Level | B3: XP threshold (current) | C3: XP threshold (proposed) | D3: Delta xp | E3: Unlock | F3: Est. min of active play to reach
A4: 1 | B4: 0 | C4: 0 | D4: 0 | E4: start (Sunwheat) | F4: 0
A5: 2 | B5: 30 | C5: 30 | D5: =C5-C4 -> 30 | E5: Starcorn | F5: =D5/$B$12 -> 0.625
A6: 3 | B6: 90 | C6: 90 | D6: =C6-C5 -> 60 | E6: Glowberry | F6: =D6/$B$12 -> 1.25
A7: 4 | B7: 200 | C7: 450 | D7: =C7-C6 -> 360 | E7: Moonroot (NEW) | F7: =D7/$B$12 -> 7.5
A8: 5 | B8: 380 | C8: 1000 | D8: =C8-C7 -> 550 | E8: Emberpepper (NEW) | F8: =D8/$B$12 -> 11.458333
A9: 6 | B9: - | C9: 2000 | D9: =C9-C8 -> 1000 | E9: Chests (NEW, chest v1) | F9: =D9/$B$12 -> 20.833333
A11: Assumption
A12: Active field xp/min (12 plots of Sunwheat, constant sweep-replant: 12 plots x 4 xp/min; orders push the real rate higher) | B12: 48
A13: Est. minutes are ACTIVE-GRIND lower bounds. Real players check in over days; cap 6 lands roughly 45-70 active minutes = several cozy sessions.
A14: Thresholds 1-3 unchanged (tutorial pacing is tested). No save migration needed: stored level only ever increases (T1.7).

Sheet Orders & Sanity
A1: Order rewards, unit caps, tutorial cascade, expansion sanity
A3: Reward multipliers (orders.ts, shipped)
A4: Coin multiplier x sell | B4: 1.3
A5: XP multiplier x crop xp | B5: 1.5
A7: Crop | B7: Order coins/unit | C7: Order xp/unit | D7: Unit cap (current) | E7: Unit cap (proposed)
A8: =Crops!A4 -> Sunwheat | B8: =Crops!F4*$B$4 -> 10.4 | C8: =Crops!G4*$B$5 -> 3 | D8: - | E8: -
A9: =Crops!A5 -> Starcorn | B9: =Crops!F5*$B$4 -> 26 | C9: =Crops!G5*$B$5 -> 13.5 | D9: 5 | E9: 5
A10: =Crops!A6 -> Glowberry | B10: =Crops!F6*$B$4 -> 71.5 | C10: =Crops!G6*$B$5 -> 22.5 | D10: 2 | E10: 2
A11: =Crops!A7 -> Moonroot | B11: =Crops!F7*$B$4 -> 130 | C11: =Crops!G7*$B$5 -> 42 | D11: - | E11: 3
A12: =Crops!A8 -> Emberpepper | B12: =Crops!F8*$B$4 -> 273 | C12: =Crops!G8*$B$5 -> 105 | D12: - | E12: 2
A14: Tutorial ORDER B cascade (8 Sunwheat + 4 Starcorn)
A15: coinReward: stored 188 | recomputed | B15: =CEILING((8*Crops!F4+4*Crops!F5)*B4,1) -> 188
A16: xpReward: stored 54 | recomputed (MUST update onboarding.ts if different) | B16: =CEILING((8*Crops!G4+4*Crops!G5)*B5,1) -> 78
A18: Expansion sanity (500 coins, +4 plots)
A19: Minutes of 12-plot Sunwheat grind to afford | B19: =500/(12*Crops!I4) -> 6.9444444
A20: Minutes for the 4 new plots to pay for themselves (Sunwheat) | B20: =500/(4*Crops!I4) -> 20.833333
A22: Green = pulls live from the Crops sheet. Change a blue crop number and everything here follows.
